{
    "Bitcoin": "1",
    "Ethereum": "1027",
    "XRP": "52",
    "Bitcoin Cash": "1831",
    "Litecoin": "2",
    "NEO": "1376",
    "Stellar": "512",
    "Cardano": "2010",
    "Monero": "328",
    "EOS": "1765",
    "Dash": "131",
    "IOTA": "1720",
    "NEM": "873",
    "Tether": "825",
    "Ethereum Classic": "1321",
    "TRON": "1958",
    "VeChain": "1904",
    "Lisk": "1214",
    "Bitcoin Gold": "2083",
    "Qtum": "1684",
    "Nano": "1567",
    "OmiseGO": "1808",
    "Zcash": "1437",
    "ICON": "2099",
    "Binance Coin": "1839",
    "Steem": "1230",
    "DigixDAO": "1229",
    "Waves": "1274",
    "Bytecoin": "372",
    "Verge": "693",
    "Stratis": "1343",
    "Populous": "1789",
    "Maker": "1518",
    "Status": "1759",
    "RChain": "2021",
    "Dogecoin": "74",
    "Siacoin": "1042",
    "BitShares": "463",
    "Aeternity": "1700",
    "Augur": "1104",
    "Decred": "1168",
    "Waltonchain": "1925",
    "Veritaseum": "1710",
    "Bytom": "1866",
    "Komodo": "1521",
    "Ark": "1586",
    "Electroneum": "2137",
    "0x": "1896",
    "Ardor": "1320",
    "Cryptonex": "2027",
    "KuCoin Shares": "2087",
    "Syscoin": "541",
    "Ethos": "1817",
    "Hshare": "1903",
    "DigiByte": "109",
    "PIVX": "1169",
    "Dragonchain": "2243",
    "Golem": "1455",
    "Basic Attention Token": "1697",
    "MonaCoin": "213",
    "Gas": "1785",
    "Zilliqa": "2469",
    "Aion": "2062",
    "QASH": "2213",
    "Factom": "1087",
    "Loopring": "1934",
    "Revain": "2135",
    "Particl": "1826",
    "Nebulas": "1908",
    "FunFair": "1757",
    "Byteball Bytes": "1492",
    "aelf": "2299",
    "GXChain": "1750",
    "ReddCoin": "118",
    "Kin": "1993",
    "ZCoin": "1414",
    "ChainLink": "1975",
    "Kyber Network": "1982",
    "Nxt": "66",
    "SALT": "1996",
    "Nexus": "789",
    "Bancor": "1727",
    "Power Ledger": "2132",
    "SIRIN LABS Token": "2313",
    "Dentacoin": "1876",
    "SmartCash": "1828",
    "Polymath": "2496",
    "Iconomi": "1408",
    "Dent": "1886",
    "Emercoin": "558",
    "Blocknet": "707",
    "Neblio": "1955",
    "SingularityNET": "2424",
    "TenX": "1758",
    "Request Network": "2071",
    "MaidSafeCoin": "291",
    "Enigma": "2044",
    "Bitcore": "1654",
    "Cindicator": "2043",
    "IOStoken": "2405",
    "Genesis Vision": "2181",
    "Storj": "1772",
    "Gnosis": "1659",
    "BitcoinDark": "467",
    "Vertcoin": "99",
    "GameCredits": "576",
    "Ignis": "2276",
    "Quantstamp": "2212",
    "Enjin Coin": "2130",
    "Pura": "870",
    "iExec RLC": "1637",
    "Raiden Network Token": "2161",
    "Achain": "1918",
    "Civic": "1816",
    "Substratum": "1984",
    "Santiment Network Token": "1807",
    "WAX": "2300",
    "MinexCoin": "2139",
    "XPA": "1968",
    "Aragon": "1680",
    "Skycoin": "1619",
    "NavCoin": "377",
    "SaluS": "1159",
    "Metal": "1788",
    "Dynamic Trading Rights": "2298",
    "Decentraland": "1966",
    "PayPie": "2036",
    "Ubiq": "588",
    "SuperNET": "643",
    "Monaco": "1776",
    "DigitalNote": "405",
    "ZenCash": "1698",
    "Theta Token": "2416",
    "SophiaTX": "2309",
    "Experience Points": "1367",
    "Arcblock": "2545",
    "BridgeCoin": "2033",
    "Po.et": "1937",
    "BLOCKv": "2223",
    "AdEx": "1768",
    "Asch": "1609",
    "High Performance Blockchain": "2345",
    "Edgeless": "1596",
    "Nuls": "2092",
    "Storm": "2297",
    "ION": "1281",
    "Fusion": "2530",
    "Time New Bank": "2235",
    "Envion": "2526",
    "CRYPTO20": "2444",
    "Telcoin": "2394",
    "Credits": "2556",
    "ETHLend": "2239",
    "MediShares": "2274",
    "POA Network": "2548",
    "Peercoin": "5",
    "MobileGo": "1715",
    "Oyster": "2202",
    "BitBay": "723",
    "Bibox Token": "2307",
    "Quantum Resistant Ledger": "1712",
    "Bluzelle": "2505",
    "Melon": "1552",
    "Simple Token": "2296",
    "SpankChain": "2219",
    "Agoras Tokens": "1037",
    "DEW": "2304",
    "Ambrosus": "2081",
    "Streamr DATAcoin": "2143",
    "Red Pulse": "2112",
    "Wings": "1500",
    "MediBloc": "2303",
    "LBRY Credits": "1298",
    "VIBE": "1983",
    "Eidoo": "2057",
    "Ripio Credit Network": "2096",
    "Burst": "573",
    "ATMChain": "2015",
    "Ink": "2209",
    "CloakCoin": "362",
    "Jibrel Network": "2498",
    "Wagerr": "1779",
    "SONM": "1723",
    "DeepBrain Chain": "2316",
    "Viacoin": "470",
    "Feathercoin": "8",
    "Rise": "1294",
    "SingularDTV": "1409",
    "HTMLCOIN": "2315",
    "SpaceChain": "2410",
    "UTRUST": "2320",
    "INS Ecosystem": "2369",
    "Delphy": "2162",
    "Metaverse ETP": "1703",
    "Einsteinium": "201",
    "OriginTrail": "2467",
    "Universa": "2524",
    "NAGA": "2305",
    "TaaS": "1592",
    "IoT Chain": "2251",
    "Aeon": "1026",
    "Etherparty": "2120",
    "CyberMiles": "2246",
    "DATA": "2446",
    "AppCoins": "2344",
    "Cobinhood": "2006",
    "WaBi": "2267",
    "Bread": "2306",
    "WePower": "2511",
    "Gifto": "2289",
    "Gulden": "254",
    "Refereum": "2553",
    "XTRABYTES": "1636",
    "Modum": "2080",
    "Counterparty": "132",
    "Synereo": "1125",
    "Cofound.it": "1729",
    "Groestlcoin": "258",
    "CPChain": "2482",
    "district0x": "1856",
    "KickCoin": "2017",
    "Mobius": "2429",
    "Trinity Network Credit": "2443",
    "Lunyr": "1658",
    "Decision Token": "2176",
    "Bottos": "2392",
    "Flash": "1755",
    "adToken": "1775",
    "bitCNY": "624",
    "AirSwap": "2058",
    "Crown": "720",
    "Unikoin Gold": "2149",
    "DECENT": "1478",
    "indaHash": "2459",
    "Presearch": "2245",
    "Unobtanium": "67",
    "TokenCard": "1660",
    "Hive Project": "1950",
    "Centra": "1867",
    "ZClassic": "1447",
    "SIBCoin": "1082",
    "U.CASH": "2512",
    "Humaniq": "1669",
    "Datum": "2283",
    "Crypterium": "2447",
    "Tierion": "1923",
    "Viberate": "2019",
    "Blox": "1864",
    "ECC": "212",
    "Shift": "1050",
    "Spectre.ai Dividend Token": "2381",
    "Pepe Cash": "1405",
    "Mooncoin": "89",
    "Namecoin": "3",
    "Swarm": "2506",
    "BlockMason Credit Protocol": "2061",
    "Ormeus Coin": "1998",
    "PotCoin": "122",
    "Lykke": "1454",
    "Medicalchain": "2497",
    "Everex": "2034",
    "Triggers": "1423",
    "Blockport": "2465",
    "Steem Dollars": "1312",
    "Numeraire": "1732",
    "Zeepin": "2481",
    "Bean Cash": "819",
    "COSS": "1989",
    "WhiteCoin": "268",
    "Diamond": "77",
    "LEOcoin": "1022",
    "I/O Coin": "495",
    "Safe Exchange Coin": "1172",
    "Dimecoin": "90",
    "QLINK": "2321",
    "Mercury": "1590",
    "Soarcoin": "1595",
    "VeriCoin": "323",
    "Nimiq": "1811",
    "Greencoin": "402",
    "DeepOnion": "1881",
    "Voxels": "1208",
    "ColossusCoinXT": "2001",
    "WeTrust": "1638",
    "BlackCoin": "170",
    "Monetha": "1947",
    "SunContract": "1786",
    "Zap": "2363",
    "LinkEye": "2468",
    "Mintcoin": "141",
    "Lamden": "2337",
    "Grid+": "2134",
    "Odyssey": "2458",
    "DADI": "2535",
    "Cappasity": "2248",
    "Bloom": "2340",
    "Dai": "2308",
    "Internet Node Token": "2399",
    "Uquid Coin": "2273",
    "SwissBorg": "2499",
    "Matchpool": "1616",
    "Zeusshield": "2047",
    "FairCoin": "224",
    "Aeron": "2153",
    "Selfkey": "2398",
    "GridCoin": "833",
    "Elastic": "1737",
    "Hi Mutual Society": "2484",
    "Expanse": "1070",
    "Zoin": "1448",
    "STK": "2493",
    "Trade Token": "2373",
    "YOYOW": "1899",
    "PoSW Coin": "1495",
    "NoLimitCoin": "1382",
    "Mothership": "1847",
    "Maecenas": "2064",
    "Qbao": "2242",
    "Blackmoon": "1976",
    "FirstBlood": "1403",
    "Game.com": "2336",
    "ALQO": "2199",
    "SwftCoin": "2341",
    "Covesting": "2342",
    "Energo": "2215",
    "Moeda Loyalty Points": "1954",
    "Waves Community Token": "1527",
    "Paragon": "2094",
    "HempCoin": "416",
    "True Chain": "2457",
    "Electra": "1711",
    "Blocktix": "1873",
    "Omni": "83",
    "Radium": "1154",
    "carVertical": "2450",
    "SolarCoin": "233",
    "Aurora DAO": "2423",
    "BitConnect": "1513",
    "LATOKEN": "2090",
    "Pascal Coin": "1473",
    "E-Dinar Coin": "1358",
    "Propy": "1974",
    "MonetaryUnit": "706",
    "Tao": "1391",
    "InsurePal": "2421",
    "Primecoin": "42",
    "Agrello": "1949",
    "All Sports": "2473",
    "DomRaider": "2070",
    "bitUSD": "623",
    "FlorinCoin": "64",
    "Rivetz": "1991",
    "EarthCoin": "85",
    "B2BX": "2204",
    "QunQun": "2375",
    "OAX": "1853",
    "ICOS": "2082",
    "PRIZM": "1681",
    "Divi": "2229",
    "Universal Currency": "921",
    "InvestFeed": "1888",
    "FedoraCoin": "87",
    "Everus": "2066",
    "MyBit Token": "1902",
    "EncrypGen": "2208",
    "Energycoin": "322",
    "Auroracoin": "148",
    "Swarm City": "1562",
    "Rialto": "1812",
    "BitSend": "366",
    "SHIELD": "2144",
    "CanYaCoin": "2343",
    "Phore": "2158",
    "Rubycoin": "215",
    "OKCash": "760",
    "BitDegree": "2374",
    "Etheroll": "1677",
    "Olympus Labs": "2327",
    "LoMoCoin": "1380",
    "Neumark": "2318",
    "Databits": "1603",
    "Ethereum Movie Venture": "1625",
    "Bodhi": "2211",
    "Incent": "1475",
    "Hubii Network": "2031",
    "NewYorkCoin": "298",
    "ALIS": "2040",
    "ToaCoin": "1833",
    "Boolberry": "406",
    "BitClave": "2334",
    "Exchange Union": "2091",
    "Myriad": "182",
    "Remme": "2546",
    "AirToken": "2037",
    "NuBits": "626",
    "Clams": "460",
    "ProChain": "2275",
    "FidentiaX": "2333",
    "iXledger": "1845",
    "BitDice": "1990",
    "Stox": "1861",
    "Patientory": "1708",
    "Open Trading Network": "2069",
    "Primas": "1930",
    "Musicoin": "1577",
    "Quantum": "1709",
    "NeosCoin": "551",
    "Xaurum": "895",
    "Golos": "1480",
    "Chronobank": "1556",
    "Nexium": "1481",
    "Spectrecoin": "1505",
    "Target Coin": "1995",
    "Global Currency Reserve": "1044",
    "Bismuth": "2009",
    "DecentBet": "2175",
    "Credo": "1963",
    "Hacken": "2360",
    "Espers": "1238",
    "Hackspace Capital": "2397",
    "Pandacoin": "161",
    "Mysterium": "1721",
    "LockChain": "2287",
    "Syndicate": "1304",
    "Pluton": "1392",
    "FoldingCoin": "606",
    "Dynamic": "1587",
    "NVO": "1794",
    "Hydro Protocol": "2430",
    "Farad": "2159",
    "TransferCoin": "1032",
    "Solaris": "1606",
    "OracleChain": "1838",
    "Polybius": "1784",
    "BlockCAT": "1882",
    "ATBCoin": "1970",
    "Gambit": "939",
    "Payfair": "2244",
    "Internet of People": "1464",
    "Snovio": "2258",
    "Neutron": "894",
    "Hedge": "2079",
    "Ties.DB": "2166",
    "HelloGold": "2042",
    "The ChampCoin": "1894",
    "aXpire": "2466",
    "LUXCoin": "2107",
    "bitqy": "1917",
    "Ethorse": "2413",
    "Measurable Data Token": "2348",
    "Curecoin": "333",
    "DubaiCoin": "1611",
    "Rebellious": "2368",
    "Circuits of Value": "788",
    "Polis": "2359",
    "Karma": "2378",
    "CargoX": "2490",
    "BLUE": "2076",
    "Novacoin": "6",
    "OneRoot Network": "2400",
    "SportyCo": "2270",
    "CoinFi": "2478",
    "E-coin": "1618",
    "PinkCoin": "313",
    "GoByte": "2200",
    "CHIPS": "1986",
    "Spectre.ai Utility Token": "2382",
    "Sphere": "914",
    "Bezop": "2551",
    "B3Coin": "1371",
    "Astro": "2190",
    "Worldcore": "2288",
    "Vcash": "836",
    "Bitcrystals": "1063",
    "DCORP": "2164",
    "Ink Protocol": "2549",
    "Profile Utility Token": "2419",
    "Kore": "400",
    "eBitcoin": "2127",
    "Elixir": "1980",
    "Zeitcoin": "181",
    "Pareto Network": "2495",
    "Aventus": "1948",
    "Bounty0x": "2310",
    "HEAT": "1308",
    "LOCIcoin": "2518",
    "OBITS": "1123",
    "Atmos": "1624",
    "Stealthcoin": "448",
    "EchoLink": "2391",
    "BioCoin": "2521",
    "Flixxo": "2231",
    "AidCoin": "2462",
    "Leverj": "2377",
    "Playkey": "2279",
    "Sequence": "1399",
    "Block Array": "2445",
    "BitcoinZ": "2041",
    "Linda": "1814",
    "Change": "2060",
    "Pirl": "2105",
    "BunnyCoin": "594",
    "Uniform Fiscal Object": "168",
    "Autonio": "2151",
    "KiloCoin": "1182",
    "ClearPoll": "2089",
    "CVCoin": "1810",
    "HyperStake": "525",
    "CoinMeet": "2470",
    "ArtByte": "374",
    "Bitmark": "543",
    "Devery": "2464",
    "DopeCoin": "145",
    "Eroscoin": "2249",
    "Travelflex": "2491",
    "GET Protocol": "2354",
    "SureRemit": "2527",
    "AICHAIN": "2407",
    "Oxycoin": "2170",
    "Gatcoin": "2425",
    "Starbase": "2295",
    "DAO.Casino": "1771",
    "Qwark": "1226",
    "APX": "1688",
    "Voise": "2012",
    "Breakout Stake": "1303",
    "Synergy": "951",
    "Bitcoin Plus": "293",
    "GCN Coin": "730",
    "AsiaCoin": "269",
    "Memetic / PepeCoin": "1191",
    "FLiK": "2025",
    "Lampix": "1988",
    "Pesetacoin": "151",
    "HEROcoin": "2323",
    "Denarius": "1769",
    "VeriumReserve": "1387",
    "vTorrent": "766",
    "TrueFlip": "1905",
    "Tokenbox": "2452",
    "Blockpool": "2167",
    "GoldCoin": "25",
    "Elite": "1109",
    "EuropeCoin": "964",
    "Viuly": "2198",
    "Cryptopay": "2314",
    "ExclusiveCoin": "633",
    "Dovu": "2110",
    "REX": "1961",
    "Internxt": "2022",
    "ZrCoin": "1726",
    "Dotcoin": "814",
    "Breakout": "1286",
    "GoldMint": "2513",
    "LIFE": "2078",
    "Sumokoin": "1694",
    "Masternodecoin": "1946",
    "adbank": "2501",
    "Aigang": "2367",
    "Smartlands": "2471",
    "Bela": "217",
    "BuzzCoin": "1962",
    "Hush": "1466",
    "Starta": "1819",
    "CannabisCoin": "506",
    "DigiPulse": "2207",
    "Publica": "2217",
    "Iungo": "2504",
    "Vezt": "2384",
    "2GIVE": "1252",
    "Global Jobcoin": "2401",
    "Creditbit": "1153",
    "Primalbase Token": "1841",
    "MCAP": "1690",
    "Bonpay": "2256",
    "DraftCoin": "1120",
    "Sharechain": "2177",
    "Zilla": "2500",
    "Altcoin": "1642",
    "Riecoin": "160",
    "PutinCoin": "1299",
    "Monkey Project": "2230",
    "Mercury Protocol": "2098",
    "Bulwark": "2260",
    "MyWish": "2236",
    "Sociall": "1969",
    "Hawala.Today": "2179",
    "vSlice": "1483",
    "Upfiring": "2178",
    "Tokes": "1588",
    "AudioCoin": "948",
    "HunterCoin": "130",
    "DNotes": "184",
    "Karbo": "1340",
    "Yocoin": "1156",
    "Sprouts": "1002",
    "Ergo": "1762",
    "Bitcloud": "1381",
    "Blitzcash": "729",
    "Sense": "2402",
    "Project Decorum": "1277",
    "Wild Crypto": "2029",
    "Tracto": "2063",
    "REAL": "2030",
    "Terracoin": "4",
    "TrezarCoin": "2002",
    "Opus": "1931",
    "NuShares": "699",
    "Privatix": "2184",
    "TeslaCoin": "114",
    "BitWhite": "2489",
    "Creativecoin": "1676",
    "Obsidian": "2005",
    "Monoeci": "1922",
    "AdShares": "1883",
    "Bitswift": "659",
    "EverGreenCoin": "1148",
    "ATLANT": "2136",
    "SpreadCoin": "702",
    "Vsync": "1951",
    "Zero": "1578",
    "Quark": "53",
    "FlypMe": "2126",
    "Coinlancer": "2352",
    "Social Send": "2255",
    "TrustPlus": "450",
    "Verify": "2271",
    "Indorse Token": "1967",
    "Bowhead": "1965",
    "Startcoin": "389",
    "ChainCoin": "999",
    "Triaconta": "2226",
    "HollyWoodCoin": "2278",
    "e-Gulden": "234",
    "Giga Watt Token": "1940",
    "Ixcoin": "13",
    "Sexcoin": "58",
    "Bitzeny": "990",
    "Magi": "629",
    "BlueCoin": "290",
    "Goodomy": "1752",
    "Zephyr": "2163",
    "Ellaism": "2122",
    "Rupee": "1799",
    "ParkByte": "934",
    "LiteDoge": "853",
    "STRAKS": "2332",
    "MAZA": "164",
    "Magnet": "2218",
    "UnbreakableCoin": "334",
    "MicroMoney": "2286",
    "bitJob": "2180",
    "GanjaCoin": "692",
    "XGOX": "2065",
    "Hexx": "977",
    "Regalcoin": "2007",
    "Innova": "2160",
    "IncaKoin": "797",
    "IntenseCoin": "2185",
    "Oceanlab": "1959",
    "ProCurrency": "1650",
    "Interstellar Holdings": "2173",
    "SagaCoin": "2261",
    "Linx": "1724",
    "LendConnect": "2365",
    "onG.social": "2240",
    "CampusCoin": "1842",
    "Ignition": "2395",
    "Pure": "2146",
    "Speed Mining Service": "2486",
    "Pylon Network": "2330",
    "FORCE": "2142",
    "Centurion": "1546",
    "Condensate": "1662",
    "TheGCCcoin": "1531",
    "Bitdeal": "1793",
    "PiplCoin": "2056",
    "Chronologic": "1985",
    "Adzcoin": "1136",
    "InflationCoin": "1504",
    "OP Coin": "2355",
    "Miners' Reward Token": "1739",
    "Qvolta": "2124",
    "Embers": "1815",
    "eBoost": "1704",
    "EquiTrader": "1686",
    "Footy Cash": "1234",
    "PlusCoin": "2186",
    "ELTCOIN": "2147",
    "SmileyCoin": "799",
    "SkinCoin": "1830",
    "CryptoPing": "1777",
    "DigitalPrice": "654",
    "Growers International": "1900",
    "Bytecent": "734",
    "Cream": "1850",
    "NobleCoin": "117",
    "42-coin": "93",
    "Unify": "1736"
}